02/14/16,Carroll Cave,Missouri,"aid, no injury",difficulty on rope/ladder,2015,0,
02/15/16,Haunted Chasm Cave,California,"injury, no aid",equipment problem,2015,0,
03/27/16,Skull Cave,California,injury and aid,caver fall,2015,0,
04/01/16,Decorah Ice Cave,Iowa,injury and aid,caver fall,2015,0,
04/05/16,unspecified cave,New Mexico,"injury, no aid",caver fall,2015,0,
04/01/16,[TNWH148] Cave,Tennessee,"no injury, no aid",difficulty on rope/ladder,2015,0,1
05/09/16,unspecified cave,Colorado,"injury, no aid","other, ruptured tendon",2015,0,
05/17/16,Schoharie Cave (Caverns?),New York,"injury, no aid",other,2015,0,
05/26/16,Fisher Ridge Cave,Kentucky,"no injury, no aid",equipment problem,2015,0,
05/30/16,Neffs Cave,Utah,"no injury, no aid",equipment problem,2015,0,
06/19/16,Jewel Cave,South Dakota,"injury, no aid",caver fall,2015,0,
06/20/16,unnamed crevice cave,Ontario,injury and aid,caver fall,2015,0,
06/30/16,Timpanogos Cave System,Utah,"no injury, no aid","other, bear spray deployed",2015,0,
07/05/16,Stephens Gap Cave,Alabama,"aid, no injury",stranded,2015,0,
07/06/16,Big Four Ice Caves,Washington,"2 fatalities, injuries","other, ice cave collapse",2015,0,
07/25/16,Marbo Cave,Guam,fatality,drowning,2015,0,
09/06/16,Stephens Gap Cave,Alabama,fatality,caver fall,2015,0,
09/10/16,Raccoon Mountain Caverns,Tennessee,?,stuck?,2015,0,
10/02/16,Scott Hollow Cave,West Virginia,injury and aid,caver fall,2015,0,
10/03/16,Pond Cave,Arizona,"no injury, no aid",equipment problem,2015,0,
10/10/16,Lick Creek Cave,Montana,injury and aid,stranded,2015,0,
10/24/16,Fort Stanton Cave,New Mexico,"aid, no injury",illness,2015,0,
11/15/16,Lechuguilla Cave,New Mexico,"injury, no aid","other, muscle injury",2015,0,
11/21/16,Cherylsbad Cave,Oklahoma,"no injury, no aid",illness,2015,0,
12/20/16,talus cave,New Jersey,"injury, no aid","other, attacked by bear",2015,0,
12/27/16,Cemetary Pit,Georgia,"no injury, no aid",difficulty on rope/ladder,2015,0,
01/17/16,Devils Eye,Florida,fatality,illness,2015,1,
02/25/16,Sistema Camilo,Mexico,fatality,complications during dive/heart attack,2015,1,
04/26/16,Devils Eye,Florida,fatality,out of air,2015,1,
04/28/16,Sistema Dos Ojos,Mexico,fatality,unknown/diving solo,2015,1,
06/08/16,Volusia Blue Spring,Florida,fatality,ran out of air,2015,1,
01/03/16,unnamed cave,Kentucky,,dog rescued from cave,2015,2,
01/08/16,marble quarry,California,"aid, no injury",illness while working on a dig,2015,2,
03/05/16,unspecified cave,Missouri,,dog rescued from cave,2015,2,
03/08/16,unspecified cave,Texas,"injury, no aid",fell after exiting cave,2015,2,
06/06/16,ridgewalking,Oregon,"no injury, no aid",medical issue,2015,2,
01/04/16,Marbo Cave,Guam,fatality,drowning,2014,0,
01/28/16,Jewel Cave,South Dakota,"injury, no aid",other,2014,0,
01/31/16,unnamed karst feature,Tennessee,injury and aid,trapped,2014,0,
02/13/16,McBrides Cave,Alabama,"aid, no injury",stranded,2014,0,
02/27/16,Natural Well,Alabama,"aid, no injury",stranded,2014,0,
03/07/16,Cave of the Bells,Arizona,injury and aid,caver fall,2014,0,
03/16/16,unspecified cave,Pennsylvania,"injury, no aid",caver fall,2014,0,
04/04/16,O-9 Well,Texas,"injury, no aid",caver fall,2014,0,
04/12/16,unspecified cave,Virginia,"injury, no aid",caver fall,2014,0,
05/04/16,Paradox Cave,Tennessee,"injury, no aid",rock fall,2014,0,
05/24/16,Cemetery Pit,Georgia,"no injury, no aid",equipment problem,2014,0,
06/02/16,Speedwell Cave,Virginia,"aid, no injury",stuck,2014,0,
06/07/16,County Line Cave,New Mexico,"no injury, no aid",flooding,2014,0,
06/20/16,Waikapala`e Cave,Hawaii,fatality,drowning,2014,0,
06/28/16,Laurel Caverns,Pennsylvania,injury and aid,caver fall,2014,0,
06/28/16,Wind Cave,Pennsylvania,injury and aid,caver fall,2014,0,
06/28/16,Lechuguilla Cave,New Mexico,"aid, no injury",illness/medical issue,2014,0,
07/24/16,Boy Scout Cave,Idaho,"injury, no aid",other,2014,0,
07/28/16,Bryant Mountain Cave,Alabama,injury and aid,caver fall,2014,0,
08/02/16,Fulford Cave,Colorado,"injury, no aid",rock fall,2014,0,
08/08/16,Lucifers Lair,Utah,"injury, no aid",equipment problem,2014,0,
08/20/16,Ophir Cave,Montana,injury and aid,stranded,2014,0,
09/03/16,Pettyjohns Cave,Georgia,"aid, no injury",stranded,2014,0,
09/11/16,Sausage Cave,Tennessee,injury and aid,caver fall,2014,0,
09/30/16,unspecified cave,Texas,"injury, no aid",equipment problem,2014,0,
10/03/16,Butler Cave-Sinking Creek System,Virginia,"no injury, no aid",caver fall,2014,0,
10/12/16,Run to the Mill Cave,Tennessee,"no injury, no aid",lost,2014,0,
10/23/16,Happy Top Horror Hole,Tennessee,"no injury, no aid",rock fall,2014,0,
11/09/16,Fault Cave,Colorado,"aid, no injury",stuck,2014,0,
11/28/16,Raccoon Mountain Caverns,Tennessee,injury and aid,caver fall,2014,0,
06/28/16,unspecified karst spring,New Mexico,"no injury, no aid","other, difficulty exiting",2014,1,
11/04/16,Jackson Blue Spring,Florida,"aid, no injury",other,2014,1,
02/14/16,New Hall Cave,Jamaica,injury and aid,attempted murder,2014,2,
03/04/16,Pertle Spring Research Cave,Missouri,"no injury, no aid",infant found dead,2014,2,
May 17-24,multiple caves,Colorado,"multiple injuries, no aid",various,2014,2,1
06/03/16,Swimming Hole Pit,New Mexico,"injury, no aid",attacked by Africanized bees,2014,2,
07/26/16,Retirement Cave,Jamaica,fatality,elderly man found dead,2014,2,
08/17/16,Lamberts Cave,Minnesota,injury and aid,stranded,2014,2,
10/12/16,Smugglers Cave,California,injury and aid,3 people stranded,2014,2,
01/06/16,Serendipity Pit,Tennessee,"aid, no injury","exhuastion, overdue",2013,0,
02/23/16,Crownover Saltpeter Cave,Tennessee,"aid, injury",caver fall,2013,0,
02/23/16,Bone-Norman Cave System,West Virginia,"aid, no injury",lost,2013,0,
03/23/16,Fox Hole,Tennessee,"aid, injury",caver fall,2013,0,
03/23/16,Iron Hoop Cave,Alabama,"aid, injury",caver fall,2013,0,
04/05/16,Warrens Cave,Florida,no consequence,rockfall,2013,0,
04/20/16,Greenbrier Poorfarm Cave,West Virginia,no consequence,medical issue,2013,0,
05/12/16,Fossil Mountain Ice Cave,Wyoming,"aid, no injury",stranded,2013,0,
05/13/16,Big Bertha Cave,Kentucky,"aid, no injury","stranded, exhuastion",2013,0,
05/23/16,unspecified cave,Virginia,"injury, no aid",caver fall,2013,0,
05/26/16,Ellisons Cave,Georgia,"aid, injury",caver fall,2013,0,
05/28/16,Jewel Cave,South Dakota,"aid, injury",caver fall,2013,0,
06/03/16,Hughes Cave,Alabama,"aid, no injury",lost,2013,0,
06/08/16,Valdina Farm Sinkhole,Texas,"injury, no aid",lost control on rappel,2013,0,
06/22/16,Kristins Cave,Arkansas,"aid, no injury",trapped/stranded,2013,0,
07/20/16,Up and Down Cave,Missouri,no consequence,difficulty on rope/ladder,2013,0,
07/31/16,La Crosse Cave,Texas,"injury, no aid",caver fall,2013,0,
08/06/16,Weybridge Cave,Vermont,"injury, aid",caver fall,2013,0,
08/12/16,Torys Cave,Conneticut,"aid, no injury",stuck,2013,0,
08/31/16,Raspberry Cave,Arizona,no consequence,trapped,2013,0,
08/31/16,Unidentified sea cave,California,"injury, aid",caver fall,2013,0,
09/05/16,Alcove Pit,New Mexico,fatality,difficulty on rope/ladder,2013,0,
09/21/16,Scroll Cave,Arizona,"aid, no injury",exhaustion,2013,0,
11/23/16,Binkley Cave System,Indiana,fatality,medical/illness,2013,0,
11/23/16,Neffs Cave,Utah,"injury, no aid",caver fall,2013,0,
12/15/16,Pettijohns Cave,Georgia,"injury, no aid",caver fall,2013,0,
02/11/16,Sistema Sac Actun (Cenote Calimba),Mexico,fatality,"lost, out of air",2013,1,
08/02/16,Silver Glen Springs,Florida,fatality,drowning,2013,1,
08/07/16,Devils Eye Spring,Florida,fatality,used wrong gas,2013,1,
10/09/16,Volusia Blue Springs,Florida,fatality,possible equipment failure,2013,1,
11/18/16,Jackson Blue Springs,Florida,injury and aid,used wrong gas,2013,1,
12/10/16,Jail Hause Cenote,Mexico,fatality,medical issue,2013,1,
12/25/16,Eagles Nest,Florida,2 fatalities,out of air,2013,1,
03/16/16,unspecified cave,Tennessee,"aid, no injury",stuck on cliff climbing to cave,2013,2,
04/10/16,Thurston Lava Tube,Hawaii,"aid, no injury",fell into lava tube,2013,2,
04/20/16,Clarksville Cave,New York,"aid, injury",fell into cave,2013,2,
05/01/16,unspecified lava tube,Hawaii,fatality,murder victim found in cave,2013,2,1
06/07/16,Sotano de las Golondrinas,Mexico,fatality,fell into sinkhole,2013,2,
07/16/16,unnamed cave,Kentucky,no consequence,dog stranded in cave,2013,2,
08/15/16,unnamed sinkhole,Missouri,injury and aid,drove 4-wheeler into sinkhole,2013,2,
09/01/16,Sinking River,Colorado,no consequence,dog found in pit,2013,2,
09/01/16,Unspecified sea cave,California,"injury, aid",stranded in sea cave,2013,2,
09/05/16,unnamed sinkhole,New Mexico,fatality,difficulty on rope/ladder,2013,2,
09/11/16,littoral caves,Canada,aid,illness while canoeing to caves,2013,2,
09/16/16,unnamed sinkhole,Missouri,fatality,fell into sinkhole,2013,2,
09/28/16,unspecified caves,Washington,fatality (presumed),missing while ridgewalking,2013,2,
01/02/16,Poleta Cave,California,"aid, no injury",stranded,2012,0,
01/08/16,Norman Cave,West Virginia,"aid, no injury",lost,2012,0,
01/14/16,Clarksville Cave,New York,"aid, no injury","other, intoxicated",2012,0,
01/24/16,Schetromph Cave,Maryland,"aid, no injury",stuck,2012,0,
03/01/16,Hidden River Cave,Kentucky,"aid, no injury",flooding,2012,0,
03/24/16,Crystal Ice Cave,California,"injury, no aid",caver fall,2012,0,
03/31/16,unspecified cave,Virginia,"injury, no aid","other, caught finger on rock projection",2012,0,
04/07/16,Tumbling Rock Cave,Alabama,injury and aid,caver fall,2012,0,
04/08/16,Hidden Cave,California,fatality,trapped,2012,0,
04/12/16,Mill Ceek Pit,Tennessee,"injury, no aid",rock fall,2012,0,
04/13/16,Jewel Cave,South Dakota,"injury, no aid",caver fall,2012,0,
05/05/16,Sharps Cave,West Virginia,"injury, no aid",rock fall,2012,0,
05/09/16,Mammoth Cave,Kentucky,fatality,illness,2012,0,
05/18/16,Wye Cave,Iowa,"aid, no injury",two people stuck,2012,0,
05/19/16,unspecified cave,Pennsylvania,"aid, no injury",difficulty on rope/ladder,2012,0,
05/28/16,Thunder Canyon Cave,California,no consequence,stranded,2012,0,
06/09/16,Shoveleater-Hellhole System,West Virginia,"injury, no aid",rock fall,2012,0,
07/14/16,Sinking Cove Cave,Tennessee,"aid, no injury",stuck,2012,0,
07/16/16,Glade Cave,Virginia,"aid, no injury",stuck,2012,0,
09/11/16,Southport Saltpeter Cave (Miller's Cave),Tennessee,"aid, no injury",illness,2012,0,
11/08/16,Kaumana Cave,Hawaii,"aid, injury",caver fall,2012,0,
11/11/16,Pachidream Cave,"BC, Canada","injury, no aid",lost control on rappel,2012,0,
11/12/16,Climax Cave,Georgia,"injury, aid",caver fall,2012,0,
11/18/16,Pettyjohns Cave,Georgia,"aid, injury","caver fall, broken ankle",2012,0,
01/01/16,Blue Spring Cave,Tennessee,"injury, no aid",caver fall,2012,0,3
02/15/16,Merritts Mill Pond,Florida,"aid, no injury",?,2012,1,
03/17/16,Vortex Spring,Florida,fatality,unknown,2012,1,
03/18/16,Devils Eye Spring,Florida,fatality,unknown,2012,1,
03/31/16,Weeki Wachee Springs,Florida,fatality,"medical issue, drowning",2012,1,
04/19/16,Sistema Chac Mool,Mexico,3 fatalities,drowning,2012,1,
07/21/16,Big Blue Spring,Florida,fatality,"stuck, drowning",2012,1,
08/07/16,Twin Caves,Florida,"aid, no injury",lost,2012,1,
10/15/16,Blue Springs,Florida,"aid, no injury","lost, out of air, stranded",2012,1,
02/04/16,dirt cave,California,fatality,trapped by collapse,2012,2,
02/05/16,Breathing Hole Cave,Indiana,fatality,suicide,2012,2,
04/19/16,unspecified cave,Arizona,injury and aid,fall hiking to cave,2012,2,
05/13/16,sinkhole,Indiana,no consequence,dog fell into sinkhole,2012,2,
05/23/16,Fools Crawl,New York,no consequence,dog stranded in cave,2012,2,
05/23/16,sinkhole,New York,no consequence,calf stranded in sinkhole,2012,2,
05/30/16,unspecified cave,Tennessee,no consequence,dog stranded in cave,2012,2,
06/16/16,Whipple Cave,New York,"aid, no injury","other, cavers assist climber",2012,2,
06/24/16,Secret Caverns,New York,"aid, no injury",fawn stranded in cave,2012,2,
08/14/16,storm drain,New York,"aid, no injury",flooding,2012,2,
12/01/16,Double Sinks,New Mexico,no consequence,murder victim found in cave,2012,2,
12/01/16,Sotano de las Guaguas,Mexico,fatality,suicide,2012,2,1
01/01/16,Letson Plunge,Indiana,"injury, no aid",rockfall,2011,0,
01/15/16,Neversink,Alabama,"injury, no aid",lost control on rappel,2011,0,
02/05/16,Cahuilla Creek Caves,California,"aid, no injury",illness,2011,0,
02/11/16,Stay High Cave,Virginia,injury andaid,"fall, stuck, hypothermia",2011,0,
02/12/16,Ellisons Cave,Georgia,two fatalities,difficulty on rope,2011,0,
02/15/16,Rustys Cave,Georgia,"aid, no injury","stranded, inadequate equipment",2011,0,
02/16/16,Barton Creek Cave,Belize,fatality,drowning,2011,0,
03/13/16,Enchanted Rock Cave,Texas,"aid, no injury",stranded,2011,0,
03/26/16,Neffs Cave,Utah,"injury, no aid",caver fall,2011,0,
05/29/16,Sinking Cove Cave,Tennessee,injury and aid,lost control on rappel,2011,0,
06/11/16,unspecified cave,Alabama,injury and aid,caver fall,2011,0,
07/14/16,Bone-Norman Cave System,West Virginia,no consequence,"other, overdue",2011,0,
07/17/16,Worleys (Morrill) Cave,Tennessee,injury and aid,caver fall,2011,0,
07/30/16,Spanish Moss Cave,Utah,no consequence,difficulty on rope,2011,0,
08/01/16,Glade Cave,Virginia,"aid, no injury",illness,2011,0,
08/06/16,Worleys (Morrill) Cave,Tennessee,injury and aid,caver fall,2011,0,
09/04/16,Sharps Cave,West Virginia,"aid, no injury",lost,2011,0,
09/17/16,Bone-Norman Cave System,West Virginia,"injury, no aid","other, pre-existing condition",2011,0,
10/01/16,Wind Cave,Kentucky,injury and aid,caver fall,2011,0,
10/10/16,War Eagle Cave,Alabama,"no injury, no aid",difficulty on rope,2011,0,
10/16/16,Fossil Mountain Ice Cave,Wyoming,"aid, no injury",caver fall,2011,0,
11/12/16,Peppersauce Cave,Arizona,injury and aid,caver fall,2011,0,
12/01/16,Buckner Cave,Indiana,injury and aid,caver fall,2011,0,
12/03/16,unspecified cave,Illinois,"injury, no aid","other, near drowning",2011,0,
12/13/16,Smiths Crack,Idaho,injury and aid,caver fall,2011,0,
12/31/16,Sotano de las Guaguas,Mexico,injury and aid,lost control on rappel,2011,0,
01/31/16,Eagles Nest,Florida,fatality,"medical, died at hospital",2011,1,
04/17/16,Chassahowitzka River,Florida,fatality,drowning,2011,1,
06/09/16,Devils Eye Spring,Florida,fatality,medical,2011,1,
06/11/16,Whiskey Still Sink,Florida,fatality,drowning,2011,1,
10/16/16,Sisteme Cocodrilo,Mexico,fatality,bad gas mixture,2011,1,
01/01/16,unspecified lava tube,Hawaii,"injury, no aid",fell into lava tube,2011,2,3
01/03/16,unnamed pit,Mexico,"aid, no injury",fell into pit,2011,2,
01/20/16,Carter Memorial Wayside Caves,Virginia,no consequence,infant found dead,2011,2,
03/05/16,Ellenville Fault Ice Caves,New York,"aid, no injury",fell into cave,2011,2,
03/14/16,Ape Cave,Washington,injury and aid,"exhausted, hypothermic",2011,2,
03/30/16,unspecified cave,Kentucky,no consequence,dog stranded in cave,2011,2,
04/01/16,multiple caves,Puerto Rico,no consequence,"illness, histoplasmosis",2011,2,1
05/02/16,sea cave,California,no consequence,suicide,2011,2,
06/05/16,Sistema del Rio Camuy,Puerto Rico,fatality,"drowning, washed into cave",2011,2,
01/10/16,Upper Millerton Cave,California,injury - no aid,rock-fall - stuck ,2010,0,
01/23/16,Bluff River Cave,Alabama,injury - no aid,caver fall,2010,0,
01/31/16,Scott Hollow,West Virginia,injury - no aid,caver fall,2010,0,
02/15/16,unnamed cave,New Mexico,fatality,medical issue,2010,0,
02/15/16,Benedicts Cave,West Virginia,injury - no aid,caver fall,2010,0,
03/06/16,unnamed cave,Florida,fatality,drowning,2010,0,
03/09/16,Espey Cave,Tennessee,injury and aid,caver fall,2010,0,
03/21/16,unnamed cave,Illinois,no injury - no aid,overdue,2010,0,
03/26/16,Stoner’s Den Cave,California,no injury - aid,exhaustion,2010,0,
04/07/16,Hilham Pit,Tennessee,fatality,caver fall,2010,0,
05/03/16,Thunder Canyon Cave,California,injury and aid,stuck - hypothermia,2010,0,
05/11/16,Raccoon Mountain Cavern,Tennessee,injury and aid,caver fall,2010,0,
06/19/16,unnamed cave,West Virginia,injury - no aid,caver fall,2010,0,
07/05/16,unnamed cave - Old Man Mountain,Colorado,injury and aid,stuck,2010,0,
07/19/16,Rattlesnake or Gutter Cave,Massachusetts,no injury - aid,caver fall - trapped,2010,0,
08/02/16,Aden Fumsrole,New Mexico,injury and aid,difficulty on rope,2010,0,
08/20/16,unnamed cave - Old Man Mountain,Colorado,no injury - aid,caver fall - stuck,2010,0,
09/03/16,Bat Cave,Arkansas,injury - no aid,caver fall,2010,0,
09/17/16,Lava River Cave,Arizona,injury and aid,caver fall,2010,0,
10/06/16,unnamed cave,Colorado,2 fatalities - murder/suicide,other,2010,0,
10/19/16,unnamed cave,British Columbia - Canada,no injury - aid,stranded - inadequate equipment,2010,0,
11/07/16,Canteen Sinks Cave,Utah,injury and aid,difficulty on rope,2010,0,
11/11/16,Fang Cave,British Columbia - Canada,2 injuries and aid,caver fall,2010,0,
11/17/16,Spring Hill Saltpeter Cave,Tennessee,injury and aid,caver fall,2010,0,
12/21/16,Sótano de Ahuihuitzcapa,Veracruz - Mexico,fatality,caver fall,2010,0,
12/29/16,Lariat Cave,Idaho,no injury - aid,stranded,2010,0,
07/08/16,Peacock Springs,Florida,fatality,drowning ,2010,1,
04/21/16,unnamed cave,Idaho,fatality,living in cave,2010,2,
05/18/16,unnamed cave,Arizona,fatality,living in cave,2010,2,
05/30/16,unnamed abandoned mine,Oklahoma,fatality,drowning,2010,2,
06/06/16,unnamed cave,Cancún - Mexico,6 fatalities,murder,2010,2,
06/06/16,unnamed sea cave,California,no consequence,other - drug stash,2010,2,
06/08/16,Bums Cave,Virginia,fatality,living in cave,2010,2,
06/11/16,Cool Caves (abandoned mine),Pennsylvania,no injury - aid,stuck,2010,2,
07/01/16,unnamed cave,Arizona,no consequence,other - drug spotter,2010,2,3
07/30/16,Cool Caves (abandoned mine),Pennsylvania,injury and aid,fall,2010,2,
07/31/16,Big Four Ice Caves,Washington,fatality,ice fall,2010,2,
08/11/16,unnamed cave,Illinois,dog rescued,dog stranded in cave,2010,2,
10/30/16,unnamed cave,North Carolina,dog rescued,dog stranded in cave,2010,2,
11/05/16,unnamed cave,Tennessee,2 injuries and aid,fell in entrance,2010,2,
11/27/16,unnamed abandoned mine,Pennsylvania,injury and aid,stuck,2010,2,
12/05/16,unnamed,California,fatality,other - body found in cave,2010,2,
01/02/16,"unspecified cave, Putnam County",Tennessee,injury and aid,"caver fall, inadequate equipment, hand-over-hand descent",2009,0,
01/24/16,Pettijohns Cave,Georgia,injury and aid,caver fall,2009,0,
02/15/16,Stephens Gap Cave,Alabama,injury and aid,caver fall,2009,0,
02/28/16,Bryant Cave,Alabama,injury and aid,caver fall,2009,0,
05/15/16,Carter County Saltpeter Cave,Tennessee,injury and aid,"caver fall, inadequate equipment, inexperience",2009,0,
05/22/16,Ten Mile Pit,Tennessee,"aid, no injury","stranded, inadequate equipment, inexperience",2009,0,
05/27/16,Waterworks Cave,Tennessee,"aid, no injury","stranded, inadequate equipment",2009,0,
06/29/16,Ophir Cave,Montana,fatality,fell into pit,2009,0,
11/08/16,unspecified cave,Missouri,"injury, no aid",lost control on rappel,2009,0,
01/24/16,Ginnie Springs,Florida,fatality,cause unknown,2009,1,
01/01/16,Guy James Cave,Tennessee,"no injury, no aid",equipment problem,2009,1,3
01/31/16,"unnamed cave, Greene County",Tennessee,"aid, no injury",coon dog rescued from cave,2009,2,
01/05/16,Rio Camuy,Puerto Rico,fatality,rockfall,2008,0,
01/22/16,Cueva El Gran Plano    ,"Puebla, Mexico",injury and aid,caver fall,2008,0,
03/20/16,Rainbow Cave,Tennessee,"aid, no injury","stranded, inexperience, inadequate equipment",2008,0,
03/20/16,Waterfall Cave,Georgia,"aid, no injury","stranded, exhaustion",2008,0,
04/09/16,unspecified cave near Johnson City,Tennessee,"aid, no injury",stranded in pit,2008,0,
05/25/16,"unspecified pit, El Malpais National Monument",New Mexico,"aid, no injury","stranded in pit, inadequate equipment",2008,0,
05/30/16,Lava River Cave,Oregon,injury and aid,caver fall,2008,0,
06/30/16,Falls Cliff Cave,Vermont,"aid, no injury","caver fall, stuck in crevice",2008,0,
07/14/16,Fulford Cave,Colorado,injury and aid,caver fall,2008,0,
07/18/16,Maquoketa Caves,Iowa,injury and aid,stuck in crevice,2008,0,
07/18/16,Maquoketa Caves,Iowa,injury and aid,caver fall,2008,0,
07/18/16,Devils Den Cave,Arkansas,"aid, no injury",stuck in crevice,2008,0,
07/21/16,Parachute Cave,Tennessee,injury and aid,caver fall,2008,0,
07/01/16,Fossil Mountain Ice Cave,Wyoming,"aid, no injury",stranded,2008,0,2
07/27/16,Lechuguilla Cave,New Mexico,injury and aid,caver fall,2008,0,
10/25/16,Fort Stanton Cave,New Mexico,fatality,heart attack in cave,2008,0,
12/18/16,Morgan Cave,Tennessee,injury and aid,caver fall,2008,0,
02/01/16,Forty Fathom Grotto,Florida,fatality,cause unknown,2008,1,
03/10/16,Devils Eye,Florida,fatality,cause unknown,2008,1,
06/09/16,Jackson Blue Spring,Florida,fatality,cause unknown,2008,1,
06/14/16,Devil's Ear,Florida,fatality,unknown,2008,1,
03/29/16,unspecified cave east of No Name Tunnel on I-70,Colorado,fatality,body found in cave,2008,2,
04/13/16,unspecified  cave off Transmountain Road,Texas,injury and aid,burned man found in cave,2008,2,
05/15/16,Crystal Cave,California,no consequence,explosives found in cave,2008,2,
08/02/16,School Sink,Florida,fatality,drowned while swimming in cave entrance,2008,2,
08/21/16,unnamed ice cave near Denny Creek,Washington,injury and aid,hikers trapped in ice cave entrance collapse,2008,2,
11/12/16,"unnamed sinkhole, Eddy County",New Mexico,"aid, no injury",equipment operator trapped by sinkhole collapse,2008,2,
12/02/16,"unspecified cave, Christian County",Kentucky,fatality,trench collapse while digging for artifacts in cave entrance,2008,2,
6 January ,Fountain Cave ,Virginia ,"injury, no aid ",caver fall ,2007,0,
13 March ,Turtle Graveyard Cave ,Tennessee ,injury and aid ,"caver fall, inadequate equipment ",2007,0,
22 March ,Dunham Cave ,Alabama ,"aid, no injury ","stranded, inadequate equipment ",2007,0,
25 March ,XTC Cave ,New York ,"injury, no aid ",rockfall ,2007,0,
21 April ,Simmons-Mingo Cave ,West Virginia ,injury and aid ,"lost, hypothermia ",2007,0,
28 April ,Small Mouth Cave ,Indiana ,injury and aid ,"caver fall, inadequate equipment ",2007,0,
30 April ,DeadmansCave ,Texas ,fatality ,drowning ,2007,0,
26 May ,Fossil Mountain Ice Cave ,Wyoming ,"aid, no injury ",stranded ,2007,0,
26 May ,Sarlacc Cave ,West Virginia ,"injury, no aid ",rockfall ,2007,0,
24 June ,Trout Cave ,Virginia ,injury and aid ,caver fall ,2007,0,
9 July ,Camps Gulf Cave ,Tennessee ,"aid, no injury ",lost ,2007,0,
13 July ,Schohaire Cave ,New York ,injury and aid ,"rockfall, broken ankle ",2007,0,
14 July ,Coon Cave ,Indiana ,injury and aid ,caver fall ,2007,0,
26 July ,Breathing Hole Cave ,Indiana ,"aid, no injury ",trapped/stranded ,2007,0,
3 August ,FittonCave ,Arkansas ,aid and injury ,caver fall ,2007,0,
11 August ,Pryor Spring Cave ,Tennessee ,aid and injury ,caver fall ,2007,0,
14 August ,Sharps Cave ,West Virginia ,"aid, no injury ","lost, stranded ",2007,0,
21 August ,Rustys Cave ,Georgia ,"aid, no injury ",exhaustion ,2007,0,
07/01/16,Fossil Mountain Ice Cave,Wyoming,"aid, no injury",stranded,2007,0,2
1 September ,Sharps Cave ,West Virginia ,injury and aid ,caver fall ,2007,0,
23 September ,Rumbling Falls Cave ,Tennessee ,"aid, no injury ",difficulty on rope ,2007,0,
25 September ,Anderson Spring Cave ,Georgia ,injury and aid ,"caver fall, broken leg ",2007,0,
28 September,Jewel Cave,South Dakota,"injury, no aid",caver fall,2007,0,
7 October ,RustysCave ,Georgia ,"aid, no injury ","stranded, inadequate equipment ",2007,0,
13 October ,AirmansCave ,Texas ,"aid, no injury ",lost ,2007,0,
27 December,Harrison Saltpeter Cave,Tennessee,"aid, no injury",lost,2007,0,
14 February ,Allen Mill Pond Spring ,Florida ,fatality ,out of air ,2007,1,
19 February ,Catfish Hole ,Florida ,fatality ,out of air ,2007,1,
5 March ,Jackson Blue Spring ,Florida ,fatality ,"stuck, out of air, exceeded training ",2007,1,
16 March ,Madison Blue Spring ,Florida ,fatality ,cause unknown ,2007,1,
14 July,"The Crack, Withlacoochee River",Florida,fatality,cause unknown,2007,1,
8 February,Hognose Cave,Utah,"aid, no injury",stranded (not actually a cave),2007,2,
11 May ,Longhorn Quarry ,Texas ,"aid, no injury ","lost, stranded ",2007,2,
11 June ,sea cave near Owen Point ,"British Columbia, Canada ","aid, no injury ","trapped/stranded, washed into sea cave ",2007,2,
6 January ,Wind Cave ,North Carolina ,"injury, no aid ","caver fall, knocked unconscious ",2006,0,
24 January ,Lost Creek Cave ,Georgia ,"aid, no injury ","stranded, inadequate equipment ",2006,0,
8 February ,Hurricane Cave ,Georgia ,injury and aid ,"caver fall, hypothermia ",2006,0,
8 February ,Hualalai Ranch Cave ,Hawaii ,"injury, no aid ",caver fall ,2006,0,
4 March ,Sharps Cave ,West Virginia ,"aid, no injury ","stranded, exhaustion, inadequate equipment ",2006,0,
5 March ,Raccoon Mountain Caverns ,Tennessee ,injury and aid ,"caver fall, dislocated ankle ",2006,0,
16 March ,Indecision Cave ,Arizona ,injury and aid ,caver fall ,2006,0,
18 April ,Rockhouse Cave ,Missouri ,injury and aid ,caver fall ,2006,0,
7 May ,Tongue River Cave ,Wyoming ,injury and aid ,caver fall ,2006,0,
14 May ,unnamed cave on Green Mountain ,Alabama ,"aid, no injury ","stranded in pit, descended hand-over-hand ",2006,0,
27 May ,Sloans Valley Cave ,Kentucky ,injury and aid ,"stranded, hypothermia ",2006,0,
13 June ,Snail Shell Cave ,Tennessee ,"aid, no injury ","lost, stranded ",2006,0,
2 July ,Airmans Cave ,Texas ,"aid, no injury ",stranded ,2006,0,
9 July ,Dam #4 Cave ,Maryland ,injury and aid ,caver fall ,2006,0,
4 August ,Glade Cave ,Virginia ,"aid, no injury ","stuck, exhaustion ",2006,0,
5 August ,Church Mountain Cave ,Virginia ,injury and aid ,"rockfall, broken leg ",2006,0,
12 August ,Fitton Cave ,Arkansas ,"aid, no injury ",lost ,2006,0,
19 August ,Bigfoot Cave ,California ,"injury, no aid ","rockfall, passage collapse, broken leg ",2006,0,
17 August ,Peppersauce Cave ,Arizona ,"aid, no injury ",lost ,2006,0,
4 September ,Langdons Cave ,Indiana ,injury and aid ,"stranded in pit, inadequate equipment ",2006,0,
16 September ,Crooked Creek Ice Cave ,Kentucky ,injury and aid ,rockfall ,2006,0,
18 September ,Fitton Cave ,Arkansas ,injury and aid ,"caver fall, broken ankle ",2006,0,
19 November ,Cueva Resurgencia  ,Puerto Rico ,fatality ,drowning ,2006,0,
23 November ,Clay Cave ,West Virginia ,"aid, no injury ",stuck ,2006,0,
25 November ,Bear Hollow Rift ,Alabama ,"aid, no injury ","stranded in pit, exhaustion ",2006,0,
25 November ,Sloans Valley Cave ,Kentucky ,fatality ,"caver fall, climbing without belay, no helmet ",2006,0,
2 December ,Viking Cave ,Alabama ,injury and aid ,"stranded on rope, exhaustion, suspension trauma ",2006,0,
7 December ,South Pittsburg Pit ,Tennessee ,"aid, no injury ","stranded on rope, exhaustion ",2006,0,
9 December ,Sotano de las Guaguas ,"SLP, Mexico ",fatality ,"caver fall, lost attachment to rappel device during descent ",2006,0,
10 December ,Turtle Graveyard Cave ,Tennessee ,injury and aid ,"caver fall, climbing hand-over-hand, inadequate equipment ",2006,0,
29 December ,Antonia Pit ,Missouri ,fatality ,"caver fall, climbing hand-over-hand, inadequate equipment",2006,0,
14 June ,Blue Springs ,Florida ,injury and aid ,"free-diving in cave entrance, breathed from air pocket, lost consciousness ",2006,1,
15 July ,"unnamed cave, Chassahowitzka River ",Florida ,fatality ,"inadequate equipment, free-diving in cave ",2006,1,
4 March ,sea cave at Sunset Cliffs ,California ,"aid, no injury ","surfer washed into sea cave, stranded ",2006,2,
6 April,volcanic vent near Mammoth Lakes,California,multiple fatalities,"asphyxiation, fell into volcanic vent containing bad air",2006,2,
14 July ,Two Door Cave ,Hawaii ,"aid, no injury ",kayakers stranded in sea cave ,2006,2,
12 August ,Rusty's Cave ,Georgia ,"aid, no injury ",dog rescued from pit ,2006,2,
30 August ,unspecified cave near Radcliff ,Kentucky ,"aid, no injury ",horse rescued from pit ,2006,2,
15 January ,Surprise Cave ,New York ,injury and aid ,caver fall ,2005,0,
19 February ,Breathing Cave ,Virginia ,injury and aid ,caver fall ,2005,0,
19 February ,Sharps Cave ,West Virginia ,"injury, no aid ",caver fall ,2005,0,
26 February ,Durham Cave ,Tennessee ,"aid, no injury ",illness ,2005,0,
5 March ,Devils Den Cave ,Arkansas ,"aid, no injury ",stuck ,2005,0,
9 April ,Devils Den Cave ,Arkansas ,"aid, no injury ",stuck ,2005,0,
23 April ,Copperhead Cave ,Arkansas ,injury and aid ,caver fall ,2005,0,
14 May ,Raulston Pit ,Tennessee ,injury and aid ,stranded on rope ,2005,0,
29 May ,Island Ford Cave ,Virginia ,"aid, no injury ","illness, stranded ",2005,0,
8 June ,Lechuguilla Cave ,New Mexico ,"injury, no aid ",caver fall ,2005,0,
11 June ,Hellhole ,West Virginia ,"injury, no aid ",rockfall ,2005,0,
5 July ,Meeks Triple Well ,Alabama ,"injury, no aid ","caver fall, difficulty on rope ",2005,0,
21 July ,Greenville Saltpeter Cave ,West Virginia ,injury and aid ,caver fall ,2005,0,
23 July ,Big Manhole Cave ,New Mexico ,"injury, no aid ",rockfall ,2005,0,
28 July ,Alexander Cave ,Arkansas ,"aid, no injury ","illness, heart attack ",2005,0,
2 August ,Island Ford Cave ,Virginia ,"aid, no injury ","caver fall, stuck ",2005,0,
2 August ,Ten Mile Pit ,Tennessee ,"aid, no injury ","stranded, inadequate equipment ",2005,0,
13 August ,Spanish Cave ,Colorado ,injury and aid ,injured knee while climbing chimney ,2005,0,
20 August ,Ellisons Cave ,Georgia ,"injury, no aid ",rockfall ,2005,0,
24 September ,Empire Mine Cave ,New Mexico ,"aid, no injury ",rockfall entrapment ,2005,0,
1 October ,Green Valley Cave ,Alabama ,"injury, no aid ",caver fall ,2005,0,
2 October ,Lost Creek Cave ,Tennessee ,"injury, no aid ",rockfall ,2005,0,
7 October ,Flowing Stone Cave ,Georgia ,"aid, no injury ",rockfall ,2005,0,
29 October ,Fossil Mountain Ice Cave ,Wyoming ,"injury, no aid ","lost, hypothermia, inadequate equipment ",2005,0,
3 November,"Continental Country Club Bottomless Trash Pit",Arizona,"no injury, no aid",skunk encounter,2005,0,
5 November ,Carroll Cave ,Missouri ,"injury, no aid ",caver fall ,2005,0,
4 December ,Pettijohns Cave ,Georgia ,"aid, no injury ",lost ,2005,0,
4 January ,Peacock Springs ,Florida ,fatality ,"diving above certification, lost, out of air ",2005,1,
12 May ,Devils Eye ,Florida ,no consequence ,equipment problem ,2005,1,
20 August ,Dogwood Spring ,Florida ,fatality ,"free diving in cave, inadequate equipment ",2005,1,
11 September ,Eagles Nest ,Florida ,injury and aid ,"incorrect gas mixture, out of air, rapid decompression ",2005,1,
2 February,Waterman Mountain Bat Cave,Arizona,"injury, no aid","killer bee attack near cave entrance, caver fall",2005,2,
14 April,Abandoned limestone mine,Kansas,no consequence,"lost, inadequate equipment",2005,2,
May ,Stephens Gap Cave ,Alabama ,injury and aid ,caver fall outside cave ,2005,2,
29 May ,Abandoned quarry near Rutland ,Vermont ,fatality ,drowned while diving in abandoned mine ,2005,2,
18 August ,Sotano de La Cochera ,"SLP, Mexico ",fatality ,fell into pit beside trail ,2005,2,
18 August ,Gollums Cave ,Utah ,four fatalities ,drowned in abandoned mine ,2005,2,
18 September ,"sea cave near Black Rock, Kaanapali ",Hawaii ,fatality ,drowned while snorkeling ,2005,2,
17 October ,unspecified cave near Fyffe ,Alabama ,no consequence ,meth lab discovered in cave ,2005,2,
21 October ,"unnamed lava tube, Kilauea ",Hawaii ,injury and aid ,fell into lava tube entrance ,2005,2,
30 October ,Panther Cave ,Tennessee ,injury and aid ,hunting dog stranded in pit ,2005,2,
14 December ,Cato Cave ,Tennessee ,no consequence ,marijuana farm discovered in cave ,2005,2,
24 January ,Cumberland Caverns ,Tennessee ,fatality ,"illness, heart attack in cave ",2004,0,
27 February ,Sweet Potato Cave ,Kentucky ,"aid, no injury ",stuck ,2004,0,
17 March ,Cueva de Alpazat ,"Puebla, Mexico ","aid, no injury ",flood entrapment ,2004,0,
20 March ,Cave of the Farside ,Colorado ,"aid, no injury ",stuck ,2004,0,
23 March,Beware Cave,Utah,fatality,drowning,2004,0,
3 April ,unspecified cave on Cerro de Estrella ,Mexico DF ,"aid, no injury ","lost, stranded, inadequate equipment ",2004,0,
8 April ,New River Cave ,Virginia ,injury and aid ,caver fall ,2004,0,
10 April ,Oregon Caves ,Oregon ,"aid, no injury ","illness, fainted in cave, history or heart trouble ",2004,0,
18 April ,Lost Fossil Cave ,New Mexico ,"aid, no injury ",rockfall entrapment ,2004,0,
24 April ,unspecified cave near Spokane ,Washington ,injury and aid ,"caver fall, lost control on rappel ",2004,0,
2 May ,Fort Stanton Cave ,New Mexico ,"injury, no aid ",caver fall ,2004,0,
14 May ,Bell Cavern ,Colorado ,"aid, no injury ","lost, stranded, inadequate equipment ",2004,0,
27 May ,Catacombs Cave ,California ,"aid, no injury ",lost ,2004,0,
17 June ,Smiths Crack ,Idaho ,"aid, no injury ",stuck ,2004,0,
25 June ,Peppersauce Cave ,Arizona ,no consequence ,lost ,2004,0,
5 July,Ape Cave,Washington,injury and aid,caver fall,2004,0,
28 July ,Long Cold Cave ,Nevada ,injury and aid ,rockfall ,2004,0,
18 August ,Devils Den ,Arkansas ,"aid, no injury ",stuck ,2004,0,
20 August ,Nutty Putty Cave ,Utah ,"aid, no injury ",stuck ,2004,0,
4 September ,Nutty Putty Cave ,Utah ,"aid, no injury ",stuck ,2004,0,
9 October ,Narrows Cave ,Colorado ,injury and aid ,rockfall entrapment ,2004,0,
9 October ,Waterworks Cave ,Tennessee ,injury and aid ,dislocated shoulder ,2004,0,
1 December,Devils Punchbowl,Guam,fatality,"caver fall, fell into 50-foot deep entrance pit",2004,0,
25 January ,Forty Fathom Grotto ,Florida ,aid and injury ,lost consciousness ,2004,1,
16 March ,Nohoch Na Chich ,"Yucatan, Mexico ",fatality ,"lost consciousness, contaminated gas ",2004,1,
16 March ,Cenote Dos Ojos ,"Yucatan, Mexico ",fatality ,"lost consciousness, contaminated gas ",2004,1,
26 March ,unnamed sea cave on Oahu ,Hawaii ,fatality ,cause unknown ,2004,1,
8 April ,Cueva Oztoquito ,"Puebla, Mexico ",fatality ,cause unknown ,2004,1,
12 June ,Eagles Nest ,Florida ,two fatalities ,"siltation, lost guideline, out of air ",2004,1,
21 August ,Devils Ear ,Florida ,fatality ,"no guideline, out of air ",2004,1,
9 December ,Sac Actun ,"Yucatan, Mexico ",two fatalities ,"lost, out of air ",2004,1,
10 January,unnamed cave at La Joya,"SLP, Mexico",injury and aid,caver fall,2004,2,
18 January,unnamed pit near Gomez Farias,"Tamaulipas, Mexico",fatality,intoxicated man fell into pit beside trail,2004,2,
18 January ,unnamed sinkhole near Apopka ,Florida ,injury and aid ,walker swallowed by collapsing sinkhole ,2004,2,
4 February,Hutchinsons Hole,Jamaica,fatality,fell into pit,2004,2,
23 February ,unspecified Warren County cave ,Kentucky ,no consequence ,meth lab discovered in cave ,2004,2,
22 March,Wabasha Street Caves,Minnesota,no consequence,explosives found in tunnel,2004,2,
15 April ,Sotano de La Garza ,"Puebla, Mexico ",fatality ,intoxicated man fell into pit beside trail ,2004,2,
26 April,cave near Decatur,Alabama,no consequence,lost in woods hiking back from cave,2004,2,
27 April,"unnamed sea cave on Hwy 1, San Mateo County",California,no consequence,car washed into sea cave after accident,2004,2,
27 April,Wabasha Street Caves,Minnesota,three fatalities,asphyxiated by campfire built in tunnel,2004,2,
13 May,sea cave at Panther Beach,California,"aid, no injury",stranded in sea cave by rising tide,2004,2,
21 June,unspecified cave on Lewis Peak,Utah,"aid, no injury",stranded at cave entrance on cliff,2004,2,
28 June ,McFails Cave ,New York ,no consequence ,dog stranded in cave ,2004,2,
3 July,Climax Cave,Georgia,"injury, no aid",stung by wasps at cave entrance,2004,2,
11 July,Sotano del Xoconostle,"SLP, Mexico",fatality,intoxicated man fell into pit beside trail,2004,2,
4 August,"unspecified lava tube, Kiholo Bay",Hawaii,fatality,drowned while free diving in lava tube,2004,2,
23 August,Matacanes Canyon,"Nuevo Leon, Mexico",injury and aid,"fall, broken ankle on canyoneering/caving trip",2004,2,
31 October,unnamed cave near Jochib,"Chiapas, Mexico",two fatalities,children reported missing in cave,2004,2,
14 December ,unnamed cave near Scottsville ,Kentucky ,no consequence ,dog stranded in cave ,2004,2,
01/01/16,"unspecified cave, Estill County ",Kentucky ,injury and aid ,"caver fall, broken leg ",2003,0,
01/11/16,Tower Cave ,Colorado ,"injury, no aid ","caver fall, inadequate equipment, inexperience (geocacher) ",2003,0,
01/18/16,Cemetery Pit ,Georgia ,"aid, no injury ","illness, stranded, difficulty on rope ",2003,0,
02/01/16,Pettyjohns Cave ,Georgia ,no consequence ,caver fall ,2003,0,
02/20/16,Sistema de los Tres Amigos ,"Oaxaca, Mexico ",no consequence ,"difficulty on rope, dropped ascenders ",2003,0,
February ,Cueva Cheve ,"Oaxaca, Mexico ",injury and aid ,hyper-extended knee on rebelay ,2003,0,
03/04/16,unnamed cave near Collegedale ,Tennessee ,fatality ,child fell into cave and drowned ,2003,0,
03/09/16,Gruta del Rio Chontalcuatlan ,"Guerrero, Mexico ",fatality ,"rockfall, caver fall ",2003,0,
03/22/16,Sinks of the Roundstone ,Kentucky ,"injury, no aid ",caver fall ,2003,0,
03/23/16,Tiftonia Pit ,Tennessee ,"aid, no injury ","stranded in pit, inadequate equipment ",2003,0,
03/29/16,Womer Cave ,Pennsylvania ,"aid, no injury ",rockfall ,2003,0,
04/15/16,Midnight Cave ,Texas ,"aid, no injury ","stranded in pit, inadequate equipment ",2003,0,
04/26/16,Laurel Caverns ,Pennsylvania ,injury and aid ,caver fall ,2003,0,
04/28/16,Cave Hill Cave ,Illinois ,"aid, no injury ","lost, stranded, inadequate equipment ",2003,0,
04/28/16,Onesquethaw Cave ,New York ,no consequence ,flood entrapment ,2003,0,
05/10/16,Memorial Day Cave ,West Virginia ,no consequence ,flood entrapment ,2003,0,
05/15/16,Fountain Pit ,Alabama ,"injury, no aid ","difficulty on rope, stuck at lip on descent ",2003,0,
05/17/16,Buckners Cave ,Indiana ,"aid, no injury ",stuck ,2003,0,
05/19/16,Ice cave near Kalispell ,Montana ,injury and aid ,"caver fall from ladder, no belay ",2003,0,
05/25/16,Minotaur Cave ,Washington ,no consequence ,lost ,2003,0,
05/25/16,Tongue River Cave ,Wyoming ,injury and aid ,caver fall ,2003,0,
05/26/16,Two Door Cave,Hawaii,"aid, no injury",stranded in sea cave,2003,0,
06/03/16,Lighthouse Cave ,California ,"aid, no injury ",stranded in sea cave ,2003,0,
06/05/16,Fort Stanton Cave ,New Mexico ,injury and aid ,caver fall ,2003,0,
06/14/16,Land of the Swirling Mists Cave ,Colorado ,injury and aid ,rockfall entrapment ,2003,0,
06/16/16,Boundary Cave ,Kentucky ,fatality ,flood entrapment ,2003,0,
06/21/16,War Eagle Cave ,Alabama ,"aid, no injury ","stranded, difficulty on rope ",2003,0,
06/28/16,Rocky River Cave ,Tennessee ,injury and aid ,"caver fall, broken leg ",2003,0,
07/03/16,Lechuguilla Cave ,New Mexico ,"injury, no aid ",caver fall ,2003,0,
07/13/16,Climax Cave ,Georgia ,fatality ,drowned while free-diving in sumped passage ,2003,0,
08/19/16,Bear Cave ,Pennsylvania ,no consequence ,lost ,2003,0,
08/24/16,Hubbards Cave ,Colorado ,"aid, no injury ","lost, stranded, inadequate equipment ",2003,0,
09/27/16,Omega System ,Virginia ,fatality ,"caver fall, rappelling  ",2003,0,
09/27/16,Nellies Cave ,Virginia ,"injury, no aid ",rockfall ,2003,0,
10/25/16,Bear Cave ,Pennsylvania ,no consequence ,lost ,2003,0,
11/17/16,unspecified lava tube near Kailua ,Hawaii ,"aid, no injury ",flood entrapment ,2003,0,
11/19/16,Sotano de las Golondrinas ,"SLP, Mexico ",fatality ,"caver fall, lost control on rappel ",2003,0,
11/29/16,Wind Cave ,New Mexico ,"aid, no injury ","stranded in pit, difficulty on rope ",2003,0,
12/18/16,Hawk Hole ,New Mexico ,injury and aid ,"caver fall, descending hand-over-hand ",2003,0,
12/31/16,Schlitz Pit ,Arkansas ,"injury, no aid ",rockfall ,2003,0,
01/01/16,Ocean Blue Hole ,Bahamas ,two fatalities ,cause unknown ,2003,1,
05/23/16,Cow Springs ,Florida ,fatality ,"lost consciousness, cause unknown ",2003,1,
08/16/16,Little River Spring ,Florida ,fatality ,cause unknown ,2003,1,
08/23/16,Roubidoux Spring Cave ,Missouri ,fatality ,out of air ,2003,1,
11/26/16,Little River Spring ,Florida ,fatality ,cause unknown ,2003,1,
05/26/16,Maryland Mine,Idaho,fatality,"hypoxia, bad air in mine shaft",2003,2,
06/30/16,Deer Bone Cave,Alaska,"injury, no aid",caver fall while hiking back from cave,2003,2,
07/19/16,unnamed sea cave at Sunset Cliffs,California,no consequence,body found in sea cave,2003,2,
12/20/16,"unnamed sink, Blount County",Alabama,injury and aid,rockfall entrapment while digging in sink,2003,2,
01/01/16,Kennamer Cave ,Alabama ,no consequence ,"illness, lost consciousness ",2002,0,1
02/25/16,Connies Cave ,California ,"aid, no injury ","stranded in pit, inadequate equipment ",2002,0,
02/27/16,Three Falls Cave ,New York ,injury and aid ,rockfall entrapment ,2002,0,
02/01/16,Sotano de las Golondrinas ,"SLP, Mexico ",injury and aid ,"caver fall, BASE jumping ",2002,0,1
03/17/16,Bowden Cave ,West Virginia ,injury and aid ,"caver fall, hypothermia ",2002,0,
03/20/16,Ten Mile Pit ,Tennessee ,injury and aid ,"caver fall, climbing without belay ",2002,0,
03/30/16,Kaumana Cave ,Hawaii ,injury and aid ,caver fall ,2002,0,
04/07/16,Bowden Cave ,West Virginia ,"aid, no injury ","lost, stranded, inadequate equipment ",2002,0,
04/18/16,Hell Below Cave ,New Mexico ,no consequence ,"equipment problem, maillon opened ",2002,0,
04/19/16,Carpenter-Swago Cave ,West Virginia ,"injury, no aid ",caver fall. climbing without belay ,2002,0,
04/20/16,Cassell Cave ,West Virginia ,"injury, no aid ",caver fall. climbing without belay ,2002,0,
05/10/16,Crystal Ice Cave ,Idaho ,no consequence ,"trapped, stranded ",2002,0,
05/12/16,Trout Cave ,West Virginia ,"aid, no injury ","illness, heart attack ",2002,0,
05/16/16,Yo-yo Pit ,New Mexico ,fatality ,"caver fall, inadequate equipment ",2002,0,
05/27/16,Fault Cave ,Colorado ,"injury, no aid ","caver fall, inadequate equipment, inexperience (geocacher) ",2002,0,
06/02/16,Tongue River Cave ,Wyoming ,"aid, no injury ",rockfall entrapment ,2002,0,
06/09/16,Pozo de Gavilan ,"Nuevo Leon, Mexico ",injury and aid ,"difficulty on rope, killer bee attack ",2002,0,
07/06/16,Dynamited Cave ,Washington ,injury and aid ,"caver fall, climbing ladder w/o belay ",2002,0,
07/09/16,Langdons Cave ,Indiana ,injury and aid ,caver fall ,2002,0,
07/01/16,Morris Cave ,Vermont ,"injury, no aid ",caver fall ,2002,0,1
08/10/16,Martin Cave ,Arkansas ,injury and aid ,"caver fall, inadequate equipment ",2002,0,
08/11/16,Cave Mountain Cave ,Arkansas ,injury and aid ,"caver fall, inadequate equipment ",2002,0,
08/17/16,Cemetery Pit ,Georgia ,"aid, no injury ","stranded, difficulty on rope ",2002,0,
08/25/16,Casparis Cave ,Pennsylvania ,"aid, no injury ","stranded, inadequate equipment ",2002,0,
09/11/16,unnamed lava tube ,Hawaii ,injury and aid ,"caver fall, fell into hidden pit entrance ",2002,0,
09/16/16,Sotano de Cepillio ,"SLP, Mexico ",no consequence ,"equipment problem, maillon opened ",2002,0,
09/21/16,Cassell Cave ,West Virginia ,injury and aid ,"caver fall, difficulty on rope ",2002,0,
09/28/16,Howards Waterfall Cave ,Georgia ,injury and aid ,caver fall ,2002,0,
10/01/16,Maxwelton Sink Cave ,West Virginia ,injury and aid ,rockfall entrapment ,2002,0,
10/06/16,Buddha Cave ,Indiana ,injury and aid ,"caver fall, climbing without belay ",2002,0,
10/12/16,War Eagle Cave ,Alabama ,no consequence ,"stranded, difficulty on rope ",2002,0,
11/15/16,Tower Cave ,Colorado ,"injury, no aid ","caver fall, inadequate equipment, inexperience (geocacher) ",2002,0,
11/01/16,Lechuguilla Cave ,New Mexico ,"injury, no aid ",caver fall ,2002,0,1
12/14/16,Coon Cave ,West Virginia ,no consequence ,"stranded, difficulty on rope ",2002,0,
12/24/16,Bloomington Cave ,Utah ,fatality ,caver fall ,2002,0,
02/16/16,Little River Spring ,Florida ,fatality ,"seizure, cause unknown ",2002,1,
03/09/16,Devils Ear Spring ,Florida ,fatality ,"lost consciousness, cause unknown ",2002,1,
06/15/16,Bat Colon Cave ,Florida ,"aid, no injury ","siltation, lost guideline, stranded ",2002,1,
11/08/16,Orange Grove Sink ,Florida ,fatality ,"lost consciousness, heart attack ",2002,1,
02/25/16,State Trooper Cave,Kentucky,"aid, no injury",road collapsed into sinkhole,2002,2,
02/26/16,"Cove Mine, Pickens County",Georgia,fatality,drowned while diving in abandoned mine,2002,2,
04/04/16,unspecified cave near Hannibal,Missouri,no consequence,body found in cave,2002,2,
04/07/16,Sinks of Roundstone ,Kentucky ,injury and aid ,caver fall outside cave ,2002,2,
04/08/16,Abandoned lead mine,Arkansas,"aid, no injury",rockfall entrapment,2002,2,
06/23/16,Blue Light Mine,California,two fatalities,drowned trying to free-dive sumped passage,2002,2,
06/30/16,Halona Blowhole,Hawaii,fatality,fell into blowhole and drowned,2002,2,
07/17/16,unnamed sand cave at South Carlsbad State Beach,California,fatality,passage collapsed,2002,2,
08/18/16,unspecified cave near Athens,Alabama,no consequence,body found in cave,2002,2,
01/31/16,Sides Cave,Kentucky,injury and aid,caver fall,2001,0,
02/10/16,Nutty Putty Cave,Utah,"aid, no injury",stuck,2001,0,
02/11/16,Kula Kai Caverns,Hawaii,injury and aid,caver fall,2001,0,
02/24/16,Rattling Cave,Tennessee,injury and aid,"caver fall, equipment failure",2001,0,
02/27/16,Redman Cave,Arizona,fatality,"drowned, inadequate equipment",2001,0,
03/08/16,Rattling Cave,Tennessee,"aid, no injury","stranded on rope, exhaustion",2001,0,
03/10/16,Alexander Cave,Arkansas,"injury, no aid","caver fall, cut hand",2001,0,
03/17/16,Nutty Putty Cave,Utah,"aid, no injury",stuck,2001,0,
04/07/16,Bowden Cave,West Virginia,injury and aid,caver fall,2001,0,
04/27/16,Blue Spring Cave,Tennessee,injury and aid,dislocated shoulder,2001,0,
05/03/16,unnamed cave at Purgatory Chasm,Massachusetts,"aid, no injury",stuck,2001,0,
05/26/16,Resumidero la Joya ,Mexico ,injury and aid ,caver fall ,2001,0,
06/02/16,unnamed pit,New Brunswick,"injury, no aid",rockfall,2001,0,
06/23/16,Carpenter-Swago Cave ,West Virginia ,"aid, no injury ",stranded in [it ,2001,0,
06/01/16,Earthquake 90 Cave,Tennessee,fatality,jumped or fell into,2001,0,1
07/04/16,unnamed Lancaster County cave,Pennsylvania,fatality,rockfall entrapment,2001,0,
07/15/16,Pettijohns Cave ,Georgia ,injury and aid ,"caver fall, climbing hand-over-hand ",2001,0,
07/15/16,Road Cut Cave ,Kentucky ,injury and aid ,caver fall ,2001,0,
07/28/16,Bowden Cave ,West Virginia ,"aid, no injury ",flood entrapment ,2001,0,
07/28/16,Pettijohns Cave ,Georgia ,"aid, no injury ","exhaustion, hypothermia ",2001,0,
07/01/16,unspecified cave,Kentucky,"injury, no aid",caver fall,2001,0,1
08/12/16,Hopkins Chocolate Cave ,California ,injury and aid ,"caver fall, inadequate equipment ",2001,0,
08/14/16,Lick Creek Cave ,Montana ,injury and aid ,"caver fall, descending hand-over-hand ",2001,0,
09/01/16,Cass Cave,West Virginia,"aid, no injury","stranded in pit, inadequate equipment",2001,0,
09/01/16,Lost Creek Siphon,Montana ,no consequence ,equipment problem ,2001,0,
09/01/16,My Cave,West Virginia,"aid, no injury",stranded in pit,2001,0,
09/09/16,John Browns Cave,West Virginia,"aid, no injury","lost, stranded, inadequate equipment",2001,0,
09/15/16,unspecified pit cave,Indiana,injury and aid,"caver fall, no belay or safety at pit lip",2001,0,
10/03/16,Pinnacles Cave,Nevada,"aid, no injury","trapped, stranded",2001,0,
10/06/16,Lost Creek Siphon,Montana ,no consequence ,caver fall ,2001,0,
10/06/16,Skunk Cave,Iowa,"aid, no injury",stuck in crevice,2001,0,
10/07/16,Gage Caverns,New York,"aid, no injury",stuck in crevice,2001,0,
10/20/16,Bowden Cave,West Virginia,fatality,"illness, apparent heart attack",2001,0,
10/01/16,unspecified cave,Kentucky,injury and aid,rockfall entrapment,2001,0,1
12/02/16,Lost Creek Siphon,Montana,"injury, no aid","difficulty on rope, frostbite",2001,0,
12/03/16,Lechuguilla Cave ,New Mexico ,"injury, no aid ",twisted ankle ,2001,0,
12/15/16,Tumbling Rock Cave,Alabama,fatality,"illness, heart attack in cave",2001,0,
12/21/16,Sistema Purificacion ,Mexico ,"injury, no aid ","caver fall, broken leg ",2001,0,
02/18/16,Royal Springs,Florida,two fatalities ,inadequate equipment,2001,1,
02/26/16,Cenote Escondido ,Mexico,fatality,"inadequate equipment, inexperience",2001,1,
02/26/16,Clarksville Cave,New York,fatality,stuck at constriction,2001,1,
03/01/16,Andros Blue Hole ,Bahamas ,fatality ,cause unknown ,2001,1,
05/05/16,Emerald Sink,Florida,fatality,inadequate equipment,2001,1,
05/07/16,Devils Ear Spring,Florida,fatality,out of air,2001,1,
06/23/16,Ginnie Springs,Florida,fatality,"intoxication, no equipment",2001,1,
08/05/16,Great Blue Hole ,Belize ,fatality ,cause unknown ,2001,1,
10/26/16,Jackson Blue Spring ,Florida ,fatality ,cause unknown ,2001,1,
02/14/16,Emisine Cave,Hawaii,"injury, no aid","fell on hike to cave, cut hand",2001,2,
04/24/16,unspecified lava tube near Hilo,Hawaii,fatality,"fell into entrance, stuck head-down",2001,2,
01/01/16,Queen Blair Cave,Indiana,"aid, no injury","lost, stranded, intoxication, inexperience",2000,0,
01/04/16,Onyx Cave,Arizona,injury and aid,"caver fall, broken leg ",2000,0,
01/09/16,Emisine Cave,Hawaii,injury and aid,cut by sharp rock,2000,0,
02/12/16,Cemetery Pit,Georgia,"aid, no injury","stranded on rope, inexperience",2000,0,
02/12/16,Indian Grave Point Cave,Tennessee,"aid, no injury","stranded, descended pit hand-over-hand",2000,0,
02/12/16,Sloans Valley Cave,Kentucky,injury and aid,stuck in crevice,2000,0,
02/16/16,Jennings Cave,Florida,"aid, no injury","stranded in pit, inadequate equipment",2000,0,
02/17/16,Rattling Cave,Tennessee,"aid, no injury",difficulty on rope,2000,0,
02/26/16,Grassy Cove Saltpeter Cave,Tennessee,"aid, no injury",stranded,2000,0,
03/02/16,Tongue River Cave,Wyoming,injury and aid,caver fall,2000,0,
03/11/16,Cass Cave,West Virginia,"aid, no injury",flood entrapment,2000,0,
03/15/16,J-4 Cave,Pennsylvania,injury and aid,caver fall,2000,0,
03/16/16,Birds Drop,Virginia,fatality,caver fall,2000,0,
03/24/16,Doe Mountain Cave,Virginia,injury and aid,"caver fall, dislocated shoulder",2000,0,
04/06/16,Tongue River Cave,Wyoming,injury and aid,caver fall,2000,0,
04/08/16,Grassy Cove Saltpeter Cave,Tennessee,injury and aid,caver fall,2000,0,
04/09/16,Thunderhole,Alabama,"aid, no injury","stranded in pit, inadequate equipment",2000,0,
04/18/16,Cueva Chorreadero,Mexico,injury and aid,"lost, stranded, hypothermia",2000,0,
04/22/16,Mammoth Cave,Kentucky,injury and aid,"caver fall, broken ankle",2000,0,
04/22/16,W-Road Cave,Tennessee,"aid, no injury","stranded in pit, inadequate equipment",2000,0,
04/29/16,Climax Cave,Georgia,"injury, no aid",histoplasmosis,2000,0,
04/30/16,unspecified cave in Sevier County ,Tennessee ,injury and aid ,caver fall ,2000,0,
05/13/16,unnamed cave ,Washington ,injury and aid ,rockfall entrapment ,2000,0,
05/20/16,O-9 Well,Texas,injury and aid,"caver fall, broken ankle",2000,0,
05/01/16,Cueva Alfredo Jahn,Venezuela,"injury, no aid",histoplasmosis,2000,0,2
06/27/16,Fieldhouse Cave ,West Virginia ,"aid, no injury ",caver fall from ladder ,2000,0,
07/01/16,Big Springs Cave,West Virginia,injury and aid,"caver fall, dislocated shoulder",2000,0,
07/04/16,Greenville Saltpeter Cave ,West Virginia ,injury and aid ,caver fall ,2000,0,
08/05/16,Nielsons Well,Utah,no consequence,rockfall,2000,0,
08/12/16,Clarks Cave,Virginia,injury and aid,"caver fall, dislocated shoulder",2000,0,
08/12/16,Wind-Ice Cave ,Wyoming ,"aid, no injury ","stranded, inadequate equipment ",2000,0,
08/15/16,talus cave at Pine Mountain ,New Hampshire ,"aid, no injury ",stuck ,2000,0,
08/19/16,Bat Cave ,Kentucky ,injury and aid ,caver fall ,2000,0,
08/01/16,Duffield Cave,Pennsylvania,"aid, no injury","stuck, hypothermia",2000,0,1
09/02/16,Gruta del Palmito,Mexico,injury and aid,"caver fall, dislocated shoulder",2000,0,
09/07/16,Sulfur Cave,Colorado,injury and aid,"hypoxia, bad air",2000,0,
09/16/16,Great Saltpeter Cave ,Kentucky ,"injury, no aid ",struck by thrown cyalume stick ,2000,0,
09/30/16,O-9 Well,Texas,fatality,"caver fall, bolt climbing",2000,0,
10/19/16,Mammoth Cave,Kentucky,"aid, no injury","lost, stranded",2000,0,
12/03/16,Snail Shell Cave,Tennessee,injury and aid,"stranded, hypothermia",2000,0,
12/09/16,Pink Lime Pit,Utah,"aid, no injury",stranded on rope,2000,0,
03/06/16,Little River Spring,Florida,fatality,"siltation, exceeded training",2000,1,
03/11/16,Cenote Dos Ojos,Mexico,"injury, no aid",decompression sickness,2000,1,
05/29/16,Little River Spring,Florida,fatality,inadequate equipment,2000,1,
06/26/16,Poza de Juan Claro,Cuba,four fatalities,"no guideline, inadequate equipment",2000,1,
07/13/16,Cenote Sabak Ha,Mexico,fatality,apparent heart attack,2000,1,
09/17/16,unnamed well in Goss Canyon,California,fatality,bad air in gas pocket,2000,1,
11/02/16,Ceita Core,Brazil,fatality,deep diving on air,2000,1,
11/23/16,Vortex Spring,Florida,fatality,unknown,2000,1,
03/04/16,Garnet mine near Orogrande,New Mexico,fatality,fell down mine shaft,2000,2,
03/11/16,Canteen Springs Cave,Uah,no consequence,snowmobile fell into cave,2000,2,
03/19/16,Let’s All Pray to Jesus Cave,British Columbia,injury and aid,"rockfall, caver fall",2000,2,
06/15/16,Lechuguilla Cave,New Mexico,injury and aid,"fell while hiking to cave, broken leg",2000,2,
07/09/16,Steeles Cave,West Virginia,"aid, no injury",rescued stranded calf from cave,2000,2,
08/12/16,Rippled Cave,California,"injury, no aid",stung by wasps,2000,2,
10/14/16,Buckners Cave,Indiana,injury and aid,"fell into entrance sink, intoxication",2000,2,
11/10/16,unnamed cave,Hawaii,fatality,"swept into cave entrance, drowned",2000,2,
11/12/16,Blount County cave,Alabama,injury and aid,kidnapping victim left in cave,2000,2,
11/15/16,Spitting Cave,Hawaii,fatality,jumped onto rocks outside entrance,2000,2,
11/18/16,Indian Cave,Tennessee,injury and aid,drug overdoses at party in cave,2000,2,
01/17/16,Pettijohns Cave,Georgia,"injury, no aid",caver fall,1999,0,
01/23/16,Diggins Pit,Alabama,"aid, no injury",stranded on rope,1999,0,
01/23/16,Hurricane Ridge Cave,West Virginia,"aid, no injury",flood entrapment,1999,0,
02/04/16,"unspecified cave, Green Mountain",Alabama,"aid, no injury","stranded, inadequate equipment",1999,0,
02/07/16,Paradise Cave,Colorado,"injury, no aid","caver fall, cable ladder",1999,0,
02/13/16,Organ Cave,West Virginia,"aid, no injury",lost,1999,0,
02/14/16,Jennings Cave,Florida,injury and aid,caver fall,1999,0,
02/15/16,Lava Rise E-3 Cave,Hawaii,"injury, no aid",caver fall,1999,0,
03/10/16,Ellisons Cave,Georgia,fatality,"stranded on rope, hypothermia",1999,0,
04/06/16,Hermit Cave,Oklahoma,fatality,"stuck, exhaustion, suffocation",1999,0,
04/16/16,Pettijohns Cave,Georgia,"aid, no injury","stranded, inadequate equipment",1999,0,
04/21/16,New River Cave,Virginia,"aid, no injury","lost, stranded",1999,0,
04/25/16,unspecified cave near Smyrna,Tennessee,injury and aid,caver fall,1999,0,
05/05/16,Cueva Chorreadero,Mexico,"aid, no injury",flood entrapment,1999,0,
05/15/16,Alleghany Blowhole,Virginia,"injury, no aid",caver fall,1999,0,
05/21/16,Sinking Cove Cave,Tennessee,"aid, no injury","lost, stranded",1999,0,
05/29/16,Crumbly Cave,Tennessee,injury and aid,caver fall,1999,0,
05/30/16,"Angeles Cave, Rio Camuy",Puerto Rico,fatality,"drowning, flood entrapment",1999,0,
06/05/16,King Blair Cave,Indiana,"aid, no injury","stranded, inadequate equipment",1999,0,
06/12/16,The Kids Cave,Alabama,no consequence,rockfall,1999,0,
06/16/16,Perseverance Cave,Vermont,"injury, no aid",struck by crowbar while digging,1999,0,
06/01/16,Bears Plunge,Alaska,"aid, no injury",difficulty on rope,1999,0,1
07/04/16,Bowden Cave,West Virginia,injury and aid,"caver fall, inadequate equipment",1999,0,
07/24/16,Knox Cave,New York,"aid, no injury","stuck, stranded",1999,0,
07/28/16,Nutty Putty Cave,Utah,"aid, no injury","stuck, stranded",1999,0,
07/31/16,Bowden Cave,West Virginia,"aid, no injury","stranded, inadequate equipment",1999,0,
08/14/16,B&G Sinkhole,Utah,"aid, no injury",stranded on rope,1999,0,
08/22/16,Sotano del Aire,Mexico,fatality,rockfall,1999,0,
08/28/16,Scott Hollow Cave,West Virginia,"injury, no aid",caver fall,1999,0,
07/01/16,Dead Man's Cave,Texas,"aid, no injury",near-drowning,1999,0,2
09/11/16,Ellisons Cave,Georgia,"aid, no injury",stranded in pit,1999,0,
09/19/16,Knox Cave,New York,no consequence,stuck,1999,0,
09/19/16,"unnamed pit, Lawrence County",Indiana,injury and aid,"caver fall, intoxication",1999,0,
09/26/16,Tongue River Cave,Wyoming,injury and aid,caver fall,1999,0,
10/25/16,unspecified cave near Eagle Rock,Missouri,injury and aid,"caver fall, climbing hand-over-hand",1999,0,
10/30/16,Guffey Cave,Alabama,injury and aid,rockfall,1999,0,
10/31/16,Devils Pocket Cave,Alabama,no consequence,"rockfall, caver fall",1999,0,
11/06/16,Tongue River Cave,Wyoming,injury and aid,caver fall,1999,0,
11/07/16,unspecified Monroe County cave,Illinois,"injury, no aid",caver fall,1999,0,
11/11/16,J-4 Cave,Pennsylvania,injury and aid,caver fall,1999,0,
11/13/16,Clarksville Cave,New York,"aid, no injury","stuck, inexperience",1999,0,
11/20/16,Cave Mountain Cave,West Virginia,injury and aid,caver fall,1999,0,
12/04/16,Luminary Pit,Tennessee,"aid, no injury",stranded in pit,1999,0,
12/11/16,Fern Cave,Alabama,"injury, no aid",caver fall,1999,0,
12/12/16,Marshall Cave,Virginia,injury and aid,caver fall (?),1999,0,
12/23/16,Sistema Tepepa,Mexico,injury and aid,caver fall,1999,0,
12/27/16,Boy Scout Cave,Florida,injury and aid,"stranded, hypothermia",1999,0,
02/10/16,Wakulla Springs,Florida,injury and aid,"oxygen toxicity seizure, near- drowning",1999,1,
02/15/16,Wakulla Springs,Florida,fatality,"hypoxia, drowning",1999,1,
04/18/16,Jackson Blue Spring,Florida,fatality,"siltation, out of air, drowning",1999,1,
04/26/16,Diepolder Springs,Florida,fatality,"oxygen toxicity seizure, drowning",1999,1,
06/24/16,Thunderhole,Florida,"aid, no injury","lost, stranded",1999,1,
10/17/16,Madison Blue Spring,Florida,two fatalities,"lost guideline, out of air",1999,1,
11/20/16,Forty Fathom Grotto,Florida,"fatality, injury and aid","unknown problem at depth, drowning, decompression sickness",1999,1,
06/23/16,Lost Creek Cave,Tennessee,no consequence,murder victim left in cave,1999,2,
08/10/16,unspecified cave,Ohio,no consequence,missing man found hiding in cave,1999,2,
15 January,Cueva de Horror,Mexico, no consequence,bad air,1998,0,
24 January,Saltpeter Cave,Kentucky,fatality,heart attack in cave,1998,0,
31 January,Tom Pack Cave,Tennessee,injury and aid,caver fall,1998,0,
14 February,My Cave,West Virginia,injury and aid,caver fall,1998,0,
16 February,Small Wonder Cave,New York,no consequence,bear encounter in cave,1998,0,
28 February,Skagnasty Cave,Tennessee,"aid, no injury",illness,1998,0,
14 March,Clarksville Cave,New York,injury and aid,rockfall,1998,0,
11 April,unnamed cave,Indiana,injury and aid,"caver fall, inadequate equipment",1998,0,
25 April,Hanors Cave,New York,"aid, no injury","stranded, difficulty on rope",1998,0,
26 April,Hidden River Cave,Kentucky,"aid, no injury","illnes, passed out in cave",1998,0,
3 May,Colisimo Cave,Pennsylvania,"injury, no aid",rabies exposure from bat contact,1998,0,
19 May,Morris Cave,Vermont,no consequence,entrapment,1998,0,
23 May,Cumberland Caverns,Tennessee,"aid, no injury",illness,1998,0,
25 May,Cave Hill Cave,Illinois,"aid, no injury","lost, stranded, inadequate equipment",1998,0,
May,Hughes Cave,Alabama,"aid, no injury",lost,1998,0,
13 June,Bowden Cave,West Virginia,no consequence,"flooding, brief entrapment",1998,0,
11 July,Bartons Cave,Pennsylvania,injury and aid,caver fall,1998,0,
18 July,Keyhole Cave,New York,injury and aid,stuck in crevice,1998,0,
18 July,Moaning Cavern,California,injury and aid,lost control of rappel,1998,0,
23 July,Dislocation Cave,Alaska,injury and aid,caver fall,1998,0,
26 July,Blue Spring Cave,Tennessee,no consequence,caver fall,1998,0,
2 August,Big Four Ice Caves,Washington,fatality,ice fall,1998,0,
8 August,Surprise Cave,New York,no consequence,"entrapment, key broke off in lock",1998,0,
11 August,Coons Cave,Indiana,"aid, no injury","Stranded in pit, inadequate equipment",1998,0,
5 September,Sharps Cave,West Virginia,injury and aid,caver fall,1998,0,
3 October,Cassell Cave,West Virginia,"aid, no injury","stranded, inadequate equipment",1998,0,
3 October,J-4 Cave,Pennsylvania,injury and aid,caver fall,1998,0,
12 October,Bowden Cave,West Virginia,"aid, no injury",lost,1998,0,
13 October,Neversink,Alabama,no consequence,tree fell into pit while cavers on rope,1998,0,
13 October,unnamed sinkhole,Florida,"aid, no injury","stranded, fell in sinkhole",1998,0,
19 October,Tongue River Cave,Wyoming,injury and aid,caver fall,1998,0,
24 October,Pinnacles Cave,Nevada,"aid, no injury","stranded on ladder, inexperience",1998,0,
25 October,Whitings Neck Cave,West Virginia,injury and aid,caver fall,1998,0,
28 October,Spring Hill Saltpeter Cave,Tennessee,fatality,"caver fall, inadequate equipment",1998,0,
30 October,J-4 Cave,Pennsylvania,injury and aid,caver fall,1998,0,
31 October,Pyeatts Cave,Arizona,"aid, no injury","illness, exhaustion",1998,0,
October,Gabinarraca Cave,Costa Rica,"injury, no aid","illness, histoplasmosis",1998,0,1
5 November,3-D Maze Cave,Virginia,injury and aid,caver fall,1998,0,
21 November,Cumberland Caverns,Tennessee,fatality,"illness, heart attack in cave",1998,0,
23 November,Torpedo Tube Cave,New York,no consequence,animal trap in cave entrance,1998,0,
28 December,Peppersauce Cave,Arizona,injury and aid,caver fall,1998,0,
12 December,Wakulla Springs,Florida,"injury, aid",decompression sickness,1998,1,
27 June,Windy Mouth Cave,West Virginia,fatality,drowned while hiking back from cave,1998,2,
February,unspecified cave,Pennsylvania,no consequence,body found in cave,1998,2,
3 March,unnamed sea cave,California,fatality,swept into sea cave and drowned,1998,2,
17 March,unspecified cave,Tennessee,no consequence,body found in cave,1998,2,
22 August,unspecified cave,Tennessee,injury and aid,fell off ATV riding back from cave,1998,2,
13 October,unspecified cave,Vermont,no consequence,body found in cave,1998,2,
1 January,Grassy Cove Saltpeter Cave,Tennessee,injury and aid,caver fall,1997,0,
18 January,Ogle Cave,New Mexico,"aid, no injury","stranded, difficulty on rope",1997,0,
13 February,Sunny Jims Cave,California,"aid, no injury","stranded, washed into sea cave",1997,0,
14 February,Cheva Cheve,Mexico,injury and aid,"rockfall entrapment, caver fall",1997,0,
15 February,Pettijohns Cave,Georgia,injury and aid,caver fall,1997,0,
17 February,Secret Pit,Alabama,no consequence,rockfall,1997,0,
20 February,Battlefield Pit,Tennessee,injury and aid,caver fall,1997,0,
22 February,Norman Cave,West Virginia,injury and aid,caver fall,1997,0,
2 March,Lava tube at Pisgah Crater,California,no consequence,illegal drug lab found in cave,1997,0,
8 March,New River Cave,Virginia,fatality,caver fall,1997,0,
9 March,Buckners Cave,Indiana,injury and aid,caver fall,1997,0,
31 March,Buckners Cave,Indiana,"aid, no injury","lost, stranded, inadequate equipment",1997,0,
March,Ellisons Cave,Georgia,"injury, no aid","caver fall, rope failure",1997,0,
25 April,Pinnacles Cave,California,"aid, no injury","stranded, difficulty on rappel",1997,0,
2 May,Glow Worm Cave,Tennessee,"aid, no injury",flood entrapment,1997,0,
5 May,Arnold Hollow Cave,Arkansas,"aid, no injury",stranded by tight spot,1997,0,
14 May,Bull Cave,Tennessee,"aid, no injury","stranded, inadequate equipment",1997,0,
31 May,McBrides Cave,Alabama,injury and aid,"caver fall, flood entrapment",1997,0,
31 May,McClungs Cave,West Virginia,injury and aid,caver fall,1997,0,
31 May,Spring Valley Cave,Minnesota,"injury, no aid",caver fall,1997,0,
May,Schmitt Farm Cave,Iowa,injury and aid,"caver fall, inadequate equipment",1997,0,1
May,unspecified cave,Kentucky,no consequence,"difficulty on rope, equipment problem",1997,0,1
Spring,unspecified Bath County cave,Virginia,injury and aid,caver fall,1997,0,2
7 June,Big Bone Cave,Tennessee,injury and aid,caver fall,1997,0,
7 June,Lawrence Welk Cave,California,injury and aid,caver fall,1997,0,
4 July,Lilburn Cave,California,"aid, no injury",difficulty on cable ladder,1997,0,
10 July,Wind-Ice Cave,Wyoming,injury and aid,caver fall,1997,0,
10 July,James Cave,Virginia,injury and aid,caver fall,1997,0,
12 July,Hellhole,West Virginia,injury and aid,caver fall,1997,0,
16 July,Laurel Caverns,Pennsylvania,injury and aid,struck head,1997,0,
19 July,Sotano de Tapanco,Mexico,"injury, no aid",rockfall,1997,0,
July,Boulder Cave,Vermont,no consequence,rockfall,1997,0,1
24 August,Garrison Cave #2,Missouri,"aid, no injury","lost, stranded",1997,0,
30 August,Stephens Gap Pit,Alabama,fatality,"caver fall, rappelled off end of rope",1997,0,
August,Anhumas Abismo,Brazil,injury and aid,"caver fall, lost control of rappel",1997,0,1
Summer,Bowdern Cave,West Virginia,"aid, no injury","lost, inexperience",1997,0,2
13 September,Sharps Cave,West Virginia,"aid, no injury","lost, inexperience",1997,0,
26 October,J-4 Cave,Pennsylvania,injury and aid,caver fall,1997,0,
1 November,Fern Cave,Alabama,"aid, no injury",difficulty on rope,1997,0,
1 November,Illinois Caverns,Illinois,injury and aid,caver fall,1997,0,
2 November,Fern Cave,Alabama,fatality,"caver fall, lost control of rappell",1997,0,
22 November,Laurel Caverns,Pennsylvania,injur and aid,caver fall,1997,0,
22 November,Reeves Cave,Indiana,fatality,"illness, heart attack in cave",1997,0,
14 December,unidentified sinkhole,Canada,injury and aid,caver fall,1997,0,
20 December,Morrells Cave,Tennessee,"injury, no aid",caver fall,1997,0,
22 December,Crossroads Cave,Virginia,"aid, no injury","lost, stranded, inadequate equipment",1997,0,
23 December,Freemans Pit,Indiana,injury and aid,"caver fall, rappelled off end of rope",1997,0,
17 August,Four Sharks Blue Hole,Bahamas,fatality,narcosis,1997,1,
27 December,Jackson Blue Spring,Florida,fatality,embolism,1997,1,
3 November,unidentified cave,Indiana,no consequence,murder victim found in cave,1997,2,
21 December,Little Scott Cave,Missouri,no consequence,bad air caused by bonfire in cave,1997,2,
Winter,Ellisons Cave,Georgia,no consequence,"caver fall, lost control of rappel",1996,0,2
5 January,Log Cave,Alabama,no consequence,"difficulty on rope, flooding",1996,0,
11 February,Weatherly Well,Tennessee,"aid, no injury",stuck in tight entrance,1996,0,
17 February,Langdons Cave,Indiana,injury and aid,"caver fall, inadequate equipment",1996,0,
22 February,Fisher Ridge Cave,Kentucky,no consequence,flood entrapment,1996,0,
26 February,Flower Pot Cave,West Virginia,injury and aid,"caver fall, descending hand-over-hand",1996,0,
February,Neversink Pit,Alabama,"aid, no injury","difficulty on rope, stuck at lip on ascent",1996,0,1
February,Thunder Canyon Cave,California,"aid, no injury","stranded on traverse, exhaustion",1996,0,1
17 March,Sycamore Cave,Alabama,injury and aid,"caver fall, descending hand-over-hand",1996,0,
21 March,Fault Cave,Colorado,"aid, no injury",stuck,1996,0,
24 March,Buckners Cave,Indiana,"aid, no injury",flood entrapment,1996,0,
7 April,Doghill/Donnehue Cave,Indiana,"aid, no injury","stranded, exhaustion",1996,0,
7 April,unnamed pit,Guatemala,"injury, no aid",caver fall,1996,0,
27 April,Buckners Cave,Indiana,injury and aid,"caver fall, intoxication",1996,0,
20 May,Midnight Creek Cave,California,"aid, no injury","caver fall, trapped under water",1996,0,
29 May,Great Cavern,Idaho,injury and aid,"caver fall, inadequate equipment",1996,0,
May,Cave Mountain Cave,Arkansas,"aid, no injury","lost, stranded, inadequate equipment",1996,0,1
May,Samwell Cave,California,"aid, no injury","stranded, descended pit hand-over-hand",1996,0,1
1 June,Lick Creek Cave,Montana,"aid, no injury","lost, stranded, inadequate equipment",1996,0,
2 June,Small Cave,Alabama,no consequence,"difficulty on rope, equipment problem",1996,0,
15 June,Belle Cave,Arkansas,"injury, no aid",rockfall,1996,0,
27 June,Bowden Cave,West Virginia,injury and aid,caver fall,1996,0,
29 June,Barrack Zourie Cave,New York,no consequence,bad air ,1996,0,
June,Bighorn Cave,Wyoming,"aid, no injury","difficulty on rope, stranded, exhaustion",1996,0,1
4 July,Laurel Caverns,Pennsylvania,injury and aid,"struck head, suspected neck injury",1996,0,
6 July,Lechuguilla Cave,New Mexico,"aid, no injury","caver fall, lost control on rappel",1996,0,
6 July,unnamed boulder cave,California,fatality,"stranded, inadequate equipment",1996,0,
7 July,Lockridge Aqua Cave,Virginia,"injury, no aid",caver fall,1996,0,
13 July,Goochland Cave,Kentucky,injury and aid,caver fall,1996,0,
14 July,Small Cave,Alabama,"injury, no aid","acetylene hazard, chemical burn",1996,0,
14 July,Newell Street Cave,New York,"aid, no injury",stranded,1996,0,
26 July,Big Four Ice Caves,Washington,"injury, no aid",ice fall,1996,0,
27 July,Lechuguilla Cave,New Mexico,"aid, no injury","exhaustion, stranded on rope in pit",1996,0,
3 August,McFails Cave,New York,no consequence,flood entrapment,1996,0,
17 August,Hero Bucket Horror Hole,Tennessee,"injury, no aid",rockfall entrapment,1996,0,
23 August,Moores Bridge Cave,Tennessee,injury and aid,caver fall,1996,0,
28 August,Ice Cave (first incident),Wyoming,"aid, no injury","stranded, inadequate equipment",1996,0,
28 August,South Pittsburg Pit,Tennessee,"injury, no aid","caver fall, lost control on rappel",1996,0,
28 August,Wind-Ice Cave,Wyoming,"aid, no injury","stranded in pit, inadequate equipment",1996,0,
14 September,Reeves Cave,Indiana,"aid, no injury","lost, inadequate equipment",1996,0,
14 September,Trent Chasm,Alabama,no consequence,equipment problem,1996,0,
19 October,Cave Mountain Cave,Virginia,"injury, no aid",abrasion resulting in staph infection,1996,0,
25 October,Laurel Caverns,Pennsylvania,injury and aid,struck head,1996,0,
26 October,Pendleton Saltpeter Cave,West Virginia,no consequence,rockfall entrapment,1996,0,
28 October,Hughes Cave,Alabama,injury and aid,"caver fall, inadequate equipment",1996,0,
2 November,Pine Hill Cave,Kentucky,"injury, no aid",caver fall,1996,0,
2 November,Waynes Cave,Indiana,"aid, no injury",lost,1996,0,
9 November,Rogers Discovery Cave,Kentucky,injury and aid,"caver fall, inadequate equipment",1996,0,
17 November,Whitings Neck Cave,West Virginia,injury and aid,caver fall,1996,0,
29 November,Carpenter-Swago Cave,West Virginia,no consequence,"difficulty on rope, inadequate equipment",1996,0,
30 November,Fisher Ridge Cave,Kentucky,no consequence,flood entrapment (second this year),1996,0,
14 December,Jewel Cave,South Dakota,"aid, no injury","illness, forced bivouac in cave",1996,0,
24 December,Blowing Springs Cave,North Carolina,injury and aid,"caver fall, inadequate equipment",1996,0,
28 December,Cave Without A Name,Texas,injury and aid,"caver fall, stranded, inadequate equipment",1996,0,
,Susie Drop,Alabama,no consequence,"difficulty on rope, equipment problem",1996,0,3
22 September,Paradise Springs,Florida,fatality,"silted out, no guideline",1996,1,
30 December,unnamed sea cave near Santa Cruz,California,fatality,"drowned, cause unknown",1996,1,
29 December,unnamed mine shaft,New Jersey,"aid, no injury","stranded, inadequate equipment",1996,2,
8 January,Cookston Cave,TN,,rockfall entrapment ,1995,0,
8 January,Sunny Jims Cave,CA,,washed into sea cave ,1995,0,
13 January,Barberry Cave,VA,,flood entrapment ,1995,0,
24 January,Grindstone Cave,TN,,"stranded in pit, no equipment ",1995,0,
January,Cemetery Pit,GA,,"rockfall, broken leg ",1995,0,1
3 February,Grassy Cove Saltpeter Cave,TN,,caver fall ,1995,0,
11 February,McClendons Cave,AL,,lost ,1995,0,
13 February,Doghill-Donnahue Cave,IN,,caver fall ,1995,0,
February,Hurricane Cave,CO,,"injury, cut hand on rock",1995,0,1
4 March,Pettijohns Cave,GA,,caver fall ,1995,0,
18 March,Real Well,TN,,"hypothermia, stranded on rope in waterfall, fatality",1995,0,
29 March,Lechuguilla Cave,NM,,"equipment failure, stranded on rope",1995,0,
March,unnamed dig,VT,,rockfall ,1995,0,1
March,Los Juanitos,Mexico,,bad air,1995,0,1
6 April,Clarksville Cave,NY ,,caver fall,1995,0,
8 April,Salamander Cave,IN,,flood entrapment ,1995,0,
8 April,Trapdoor Cave,IN,,flood entrapment ,1995,0,
29 April,Snail Shell Cave,TN,,stranded spelunkers ,1995,0,
30 April,Helens Cave,NM,,caver fall ,1995,0,
April,Black Cave,AZ,,"solo caving, lost, light failure, fatality (Benning)",1995,0,1
14 May,Hunters Cave,IA,,smoke bomb in cave ,1995,0,
6 June,Foglepole Cave,IL,,flooding ,1995,0,
11 June,Ferris Pit,TN,,falling tree in pit,1995,0,
21 June,Bowden Cave,WV,,lost spelunkers ,1995,0,
21 June,Rainbow Falls Cave,CO,,"stranded, hypothermia",1995,0,
22 June,Bowden Cave,WV,,lost consciousness,1995,0,
30 June,Clarksville Cave,NY,,"lost, hypothermia ",1995,0,
1 July,Eon Cave,CA,,rockfall entrapment ,1995,0,
1 July,Nielsons Cave,UT,,rockfall ,1995,0,
8 July,Fulford Cave,CO ,,caver fall,1995,0,
10 July,Rainbow Falls Cave,CO,,"stranded, hypothermia ",1995,0,
13 July,Superstitious Cave,AK,,rockfall ,1995,0,
16 July,Rainbow Falls Cave,CO,,"stranded, hypothermia ",1995,0,
18 July,Pittsford Ice Cave,VT,,caver fall ,1995,0,
21 July,Moon Probe Cave,AK,,rockfall ,1995,0,
21 July,Rainbow Falls Cave,CO,,"stranded, hypothermia ",1995,0,
23 July,Moon Probe Cave,AK,,caver fall ,1995,0,
8 August,Lechuguilla Cave,NM,,"caver fall, stranded on rope ",1995,0,
August,Rehobeth Church Cave,WV,,caver fall ,1995,0,1
3 September,Bigfoot Cave,CA,,"close calls on rappel, inexperience",1995,0,
3 September,Owl Cave,VA ,,stuck,1995,0,
9 September,Blowing Sink Cave,TX ,,rockfall,1995,0,
9 September,Hughes Cave,AL,,caver fall ,1995,0,
24 September,Lundays Roadside Cave,FL,,bad air ,1995,0,
September,Scott Hollow Cave,WV,,lost ,1995,0,1
14 October,Gage Cave,NY,,"lost, trapped by water ",1995,0,
21 October,Hancock Cave,VA ,,rockfall entrapment,1995,0,
1 November ,Clarksville Cave,NY,,lost ,1995,0,
18 November,Natural Well,AL,,"stranded in pit, inadequate equipment, poor technique ",1995,0,
23 November,Sotano del Pozo,Mexico,,rockfall ,1995,0,
25 November,Laurel Caverns,PA,,caver fall ,1995,0,
2 December,Jewell Cave,SD ,,caver fall,1995,0,
26 December,Easter Cave,VT,,rockfall ,1995,0,
December,Hart County cave,KY ,,"stranded, exhaustion, inadequate equipment",1995,0,1
Winter,Pig Hole,VA,,trapped during pull-down ,1995,0,2
Winter,Un-named lava tube,ID,,caver fall (drove snowmobile into entrance pit),1995,0,2
,Solution Rift,TN,,"injury, no aid - acetylene-related",1995,0,
7 July,Lake Apopka Cavern,Florida,,"two fatalities, out of air, inadequate equipment",1995,1,
17 August,Cenote Temple of Doom,"Yucatan, Mexico",,three fatalities,1995,1,
22 August,unnamed sea cave,California,,snorkeler trapped in sea cave,1995,1,
14 July,Devils Den,Alabama,,"fatality, out of air, inexperience",1995,1,
15 July,Thunderhole,Florida,,"fatality, incorrect gas mixture for depth",1995,1,
6 September,Sharks Cove Lava Tube,Hawaii,,"fatality, out of air, inexperience",1995,1,
5 February,Caballo Cave,NM,,"rockfall, fatality",1994,0,
5 February,Nutty Putty Cave,UT,,caver fall ,1994,0,
6 February,Fisher Ridge Cave,KY,,"equipment failure, hypothermia",1994,0,
14 February,Sloans Valley Cave,KY,,lost,1994,0,
February,Aire Fresco Cave,Mexico,,difficulty in swim ,1994,0,1
February,El Chorreadero,Mexico,,caver fall ,1994,0,1
5 March,Hush Hush Cave,UT,,"bomb scare, stuck on rope ",1994,0,
12 March,Sinnett-Thorn Cave,WV,,lost ,1994,0,
22 March,Los Juanitos,Mexico,,bad air ,1994,0,
26 March,Pine Hill Cave,KY,,caver fall ,1994,0,
March,Bowden Cave,WV,,lost ,1994,0,1
March,Sotano de San Augustin,Mexico,,"equipment failure, caver fall",1994,0,1
March,Sotano de San Augustin,Mexico,,chopped rope ,1994,0,1
March,Sotano de San Augustin,Mexico,,rack rigged backwards ,1994,0,1
17 April,Picnic Cave,AR,,rockfall ,1994,0,
April,Lechuguilla Cave,NM,,caver fall ,1994,0,1
Spring,Valhalla,AL,,glove caught in rappel rack ,1994,0,2
1 May,Fulford Cave,CO,,"caver fall, no helmet ",1994,0,
5 May,Norman Cave,WV,,caver fall,1994,0,
5 May,Sotano de San Augustin,MX,,insulin imbalance ,1994,0,
7 May,Lone Bat Cave,AL,,"stranded, no backup light",1994,0,
21 May,Crystal Ice Cave,ID,,"stranded in pit, inexperience ",1994,0,
21 May,Paradise Lost Cave,IN,,"caver fall, inadequate equipment ",1994,0,
22 May.,Formation Pit,AL,,"stranded in pit, no equipment",1994,0,
23 May,Pinnacles Cave,NV,,"caver fall, hypothermia ",1994,0,
27 May,Puckett Cave,AL,,rockfall ,1994,0,
28 May,Buffalo Creek Cave,KY,,"equipment failure, acetylene hazard ",1994,0,
28 May,Devils Dungeon,AL,,"stranded in pit, no ascenders ",1994,0,
12 June,Laurel Caverns,PA,,caver fall ,1994,0,
15 June,Pozo del la Escalera Cristal,MX,,rockfall ,1994,0,
15 June,Sloans Valley Cave,KY,,lightning ,1994,0,
17 June,Cueva del Brinco,MX,,flood entrapment ,1994,0,
June,Emerald Sink Cave,TX,,histoplasmosis ,1994,0,
June,Unknown cave in Stone County,AR,,hand injury,1994,0,
5 July,Lechuguilla Cave,NM,,"histoplasmosis, exhaustion ",1994,0,
6 July,Beaver Falls Cave,AK,,rockfall ,1994,0,
9 July,Junkyard Cave,TN,,caver fall ,1994,0,
13 July,Snowhole,AK,,stuck ,1994,0,
16 July,Great Expectations Cave,TN,,rockfall ,1994,0,
21 July,Blowing In The Wind Cave,AK,,rockfall ,1994,0,
5 August,Keauhou sea cave,HI,,washed out to sea from sea cave,1994,0,
6 August,J-4 Cave,PA,,caver fall ,1994,0,
6 August,Three Fingers Cave,NM,,rockfall ,1994,0,
9 August,Endless Cave,IN,,"stranded, inadequate equipment ",1994,0,
13 August,Barrack-Zourie Cave,NY,,exhaustion ,1994,0,
13 August,Doghill-Donnahue Cave,IN,,caver fall ,1994,0,
17 August,Oregon Caves National Monument,OR,,caver fall ,1994,0,
20 August,Stolen Well,AL,,"lost, stranded ",1994,0,
27 August,Bakers Hole,IH,,stranded on rope ,1994,0,
27 August,Fern Cave,AL,,"stranded in pit, exhaustion",1994,0,
4 September,Cass Cave,WV,,"stuck on rope, inexperience ",1994,0,
4 September,Raccoon Mountain Caverns,TN,,caver fall ,1994,0,
10 September,Bowden Cave,WV,,caver fall ,1994,0,
11 September,New Trout Cave,WV,,"lost, stranded, light failure ",1994,0,
18 September,Sloans Valley Cave,KY,,lost ,1994,0,
25 September,Sloans Valley Cave,KY,,"equipment failure, caver fall ",1994,0,
8 October,Pettijohns Cave,GA,,caver fall ,1994,0,
15 October,Doghill-Donnahue Cave,IN,,lost ,1994,0,
15 October,Greenville Saltpeter Cave,WV,,"lost, stranded, light failure ",1994,0,
15 October,Hughes Cave,AL,,lost ,1994,0,
15 October,Turkey Cave,VA,,bad air ,1994,0,
19 October,Fisher Ridge Cave System,KY,,acetylene explosion ,1994,0,
19 October,Lechuguilla Cave,NM,,rockfall ,1994,0,
21 October,Lechuguilla Cave,NM,,stuck ,1994,0,
29 October,unspecified cave at Optimist Boys Club Camp,IN,,"stranded, light failure ",1994,0,
30 October,Weybridge Cave,VT,,"caver fall, out of control rappel ",1994,0,
19 November,Millers Cave,KY,,"lost, inadequate equipment ",1994,0,
19 November,Ganter Cave,KY,,"trapped, lost key ",1994,0,
26 November,Onyx Cave,AZ,,caver fall ,1994,0,
5 December,Lawrence Welk Cave,CA,,lost ,1994,0,
11 December,Manitou Cave,CO,,rockfall ,1994,0,
12 December,Reeves Cave,IN,,"lost, light failure, inadequate equipment ",1994,0,
17 December,Cass Cave,WV,,"dropped pack, acetylene hazard ",1994,0,
21 December,Safford Shafts,AZ,,"explosion, entrapment ",1994,0,
26 December,Spanish Moss Cave,UT,,"stranded on rope, exhaustion ",1994,0,
December,unnamed cave in the Berkshires,MA,,rockfall ,1994,0,
1 April,unnamed sinkhole,Maryland,fatality,drove car into sinkhole,1994,2,
July,Desoto Falls State Park,Alabama,"aid, no injury","difficulty on rope, hair caught in rack",1994,2,1
February,unnamed island sea cave,Bahamas,,"lost, stranded while snorkeling in cave",1994,1,1
27 March,Sotano de San Augustin,Mexico,,"fatality, lost consciousness during solo dive",1994,1,
6 April,Zacaton,Mexico,,"fatality, lost consciousness during deep dive",1994,1,
April,Abaco Blue Hole,Bahamas,,"three fatalities, out of air",1994,1,1
May,Convict Springs,Florida,,"two fatalities, out of air",1994,1,1
May,Zoo Hole,Bahamas,,"two fatalities, out of air, inadequate equipment",1994,1,1
17 July,Bakerton limestone mine,West Virginia,,"fatality, equipment problem, rapid ascent",1994,1,
